block_size,row,scenario,max_absolute_logit_error,selection_flips,comparisons
128,1,permutation,0.0,0,15692
128,1,subset,0.0,0,7846
128,1,append_duplicates,0.0,0,15692
128,1,unblocked_reference,0.0,0,15692
128,15,permutation,0.0,0,15692
128,15,subset,0.0,0,7846
128,15,append_duplicates,0.0,0,15692
128,15,unblocked_reference,0.0,0,15692
128,42,permutation,0.0,0,15692
128,42,subset,0.0,0,7846
128,42,append_duplicates,0.0,0,15692
128,42,unblocked_reference,0.0,0,15692
128,63,permutation,0.0,0,15692
128,63,subset,0.0,0,7846
128,63,append_duplicates,0.0,0,15692
128,63,unblocked_reference,0.0,0,15692
128,101,permutation,0.0,0,15692
128,101,subset,0.0,0,7846
128,101,append_duplicates,0.0,0,15692
128,101,unblocked_reference,0.0,0,15692
128,109,permutation,0.0,0,15692
128,109,subset,0.0,0,7846
128,109,append_duplicates,0.0,0,15692
128,109,unblocked_reference,0.0,0,15692
128,122,permutation,0.0,0,15692
128,122,subset,0.0,0,7846
128,122,append_duplicates,0.0,0,15692
128,122,unblocked_reference,0.0,0,15692
128,141,permutation,0.0,0,15692
128,141,subset,0.0,0,7846
128,141,append_duplicates,0.0,0,15692
128,141,unblocked_reference,0.0,0,15692
128,191,permutation,0.0,0,15692
128,191,subset,0.0,0,7846
128,191,append_duplicates,0.0,0,15692
128,191,unblocked_reference,0.0,0,15692
128,210,permutation,0.0,0,15692
128,210,subset,0.0,0,7846
128,210,append_duplicates,0.0,0,15692
128,210,unblocked_reference,0.0,0,15692
128,233,permutation,0.0,0,15692
128,233,subset,0.0,0,7846
128,233,append_duplicates,0.0,0,15692
128,233,unblocked_reference,0.0,0,15692
128,336,permutation,0.0,0,15692
128,336,subset,0.0,0,7846
128,336,append_duplicates,0.0,0,15692
128,336,unblocked_reference,0.0,0,15692
128,338,permutation,0.0,0,15692
128,338,subset,0.0,0,7846
128,338,append_duplicates,0.0,0,15692
128,338,unblocked_reference,0.0,0,15692
128,340,permutation,0.0,0,15692
128,340,subset,0.0,0,7846
128,340,append_duplicates,0.0,0,15692
128,340,unblocked_reference,0.0,0,15692
128,365,permutation,0.0,0,15692
128,365,subset,0.0,0,7846
128,365,append_duplicates,0.0,0,15692
128,365,unblocked_reference,0.0,0,15692
128,371,permutation,0.0,0,15692
128,371,subset,0.0,0,7846
128,371,append_duplicates,0.0,0,15692
128,371,unblocked_reference,0.0,0,15692
128,433,permutation,0.0,0,15692
128,433,subset,0.0,0,7846
128,433,append_duplicates,0.0,0,15692
128,433,unblocked_reference,0.0,0,15692
128,506,permutation,0.0,0,15692
128,506,subset,0.0,0,7846
128,506,append_duplicates,0.0,0,15692
128,506,unblocked_reference,0.0,0,15692
128,536,permutation,0.0,0,15692
128,536,subset,0.0,0,7846
128,536,append_duplicates,0.0,0,15692
128,536,unblocked_reference,0.0,0,15692
128,559,permutation,0.0,0,15692
128,559,subset,0.0,0,7846
128,559,append_duplicates,0.0,0,15692
128,559,unblocked_reference,0.0,0,15692
128,658,permutation,0.0,0,15692
128,658,subset,0.0,0,7846
128,658,append_duplicates,0.0,0,15692
128,658,unblocked_reference,0.0,0,15692
128,674,permutation,0.0,0,15692
128,674,subset,0.0,0,7846
128,674,append_duplicates,0.0,0,15692
128,674,unblocked_reference,0.0,0,15692
128,675,permutation,0.0,0,15692
128,675,subset,0.0,0,7846
128,675,append_duplicates,0.0,0,15692
128,675,unblocked_reference,0.0,0,15692
128,735,permutation,0.0,0,15692
128,735,subset,0.0,0,7846
128,735,append_duplicates,0.0,0,15692
128,735,unblocked_reference,0.0,0,15692
128,785,permutation,0.0,0,15692
128,785,subset,0.0,0,7846
128,785,append_duplicates,0.0,0,15692
128,785,unblocked_reference,0.0,0,15692
128,792,permutation,0.0,0,15692
128,792,subset,0.0,0,7846
128,792,append_duplicates,0.0,0,15692
128,792,unblocked_reference,0.0,0,15692
128,813,permutation,0.0,0,15692
128,813,subset,0.0,0,7846
128,813,append_duplicates,0.0,0,15692
128,813,unblocked_reference,0.0,0,15692
128,860,permutation,0.0,0,15692
128,860,subset,0.0,0,7846
128,860,append_duplicates,0.0,0,15692
128,860,unblocked_reference,0.0,0,15692
128,887,permutation,0.0,0,15692
128,887,subset,0.0,0,7846
128,887,append_duplicates,0.0,0,15692
128,887,unblocked_reference,0.0,0,15692
128,897,permutation,0.0,0,15692
128,897,subset,0.0,0,7846
128,897,append_duplicates,0.0,0,15692
128,897,unblocked_reference,0.0,0,15692
128,933,permutation,0.0,0,15692
128,933,subset,0.0,0,7846
128,933,append_duplicates,0.0,0,15692
128,933,unblocked_reference,0.0,0,15692
128,990,permutation,0.0,0,15692
128,990,subset,0.0,0,7846
128,990,append_duplicates,0.0,0,15692
128,990,unblocked_reference,0.0,0,15692
128,1040,permutation,0.0,0,15692
128,1040,subset,0.0,0,7846
128,1040,append_duplicates,0.0,0,15692
128,1040,unblocked_reference,0.0,0,15692
128,1074,permutation,0.0,0,15692
128,1074,subset,0.0,0,7846
128,1074,append_duplicates,0.0,0,15692
128,1074,unblocked_reference,0.0,0,15692
128,1094,permutation,0.0,0,15692
128,1094,subset,0.0,0,7846
128,1094,append_duplicates,0.0,0,15692
128,1094,unblocked_reference,0.0,0,15692
128,1104,permutation,0.0,0,15692
128,1104,subset,0.0,0,7846
128,1104,append_duplicates,0.0,0,15692
128,1104,unblocked_reference,0.0,0,15692
128,1157,permutation,0.0,0,15692
128,1157,subset,0.0,0,7846
128,1157,append_duplicates,0.0,0,15692
128,1157,unblocked_reference,0.0,0,15692
128,1211,permutation,0.0,0,15692
128,1211,subset,0.0,0,7846
128,1211,append_duplicates,0.0,0,15692
128,1211,unblocked_reference,0.0,0,15692
128,1302,permutation,0.0,0,15692
128,1302,subset,0.0,0,7846
128,1302,append_duplicates,0.0,0,15692
128,1302,unblocked_reference,0.0,0,15692
128,1312,permutation,0.0,0,15692
128,1312,subset,0.0,0,7846
128,1312,append_duplicates,0.0,0,15692
128,1312,unblocked_reference,0.0,0,15692
128,1410,permutation,0.0,0,15692
128,1410,subset,0.0,0,7846
128,1410,append_duplicates,0.0,0,15692
128,1410,unblocked_reference,0.0,0,15692
128,1457,permutation,0.0,0,15692
128,1457,subset,0.0,0,7846
128,1457,append_duplicates,0.0,0,15692
128,1457,unblocked_reference,0.0,0,15692
128,1458,permutation,0.0,0,15692
128,1458,subset,0.0,0,7846
128,1458,append_duplicates,0.0,0,15692
128,1458,unblocked_reference,0.0,0,15692
128,1489,permutation,0.0,0,15692
128,1489,subset,0.0,0,7846
128,1489,append_duplicates,0.0,0,15692
128,1489,unblocked_reference,0.0,0,15692
128,1566,permutation,0.0,0,15692
128,1566,subset,0.0,0,7846
128,1566,append_duplicates,0.0,0,15692
128,1566,unblocked_reference,0.0,0,15692
128,1579,permutation,0.0,0,15692
128,1579,subset,0.0,0,7846
128,1579,append_duplicates,0.0,0,15692
128,1579,unblocked_reference,0.0,0,15692
128,1661,permutation,0.0,0,15692
128,1661,subset,0.0,0,7846
128,1661,append_duplicates,0.0,0,15692
128,1661,unblocked_reference,0.0,0,15692
128,1719,permutation,0.0,0,15692
128,1719,subset,0.0,0,7846
128,1719,append_duplicates,0.0,0,15692
128,1719,unblocked_reference,0.0,0,15692
128,1769,permutation,0.0,0,15692
128,1769,subset,0.0,0,7846
128,1769,append_duplicates,0.0,0,15692
128,1769,unblocked_reference,0.0,0,15692
128,1818,permutation,0.0,0,15692
128,1818,subset,0.0,0,7846
128,1818,append_duplicates,0.0,0,15692
128,1818,unblocked_reference,0.0,0,15692
128,1827,permutation,0.0,0,15692
128,1827,subset,0.0,0,7846
128,1827,append_duplicates,0.0,0,15692
128,1827,unblocked_reference,0.0,0,15692
128,1852,permutation,0.0,0,15692
128,1852,subset,0.0,0,7846
128,1852,append_duplicates,0.0,0,15692
128,1852,unblocked_reference,0.0,0,15692
128,1886,permutation,0.0,0,15692
128,1886,subset,0.0,0,7846
128,1886,append_duplicates,0.0,0,15692
128,1886,unblocked_reference,0.0,0,15692
128,1940,permutation,0.0,0,15692
128,1940,subset,0.0,0,7846
128,1940,append_duplicates,0.0,0,15692
128,1940,unblocked_reference,0.0,0,15692
128,1969,permutation,0.0,0,15692
128,1969,subset,0.0,0,7846
128,1969,append_duplicates,0.0,0,15692
128,1969,unblocked_reference,0.0,0,15692
128,1979,permutation,0.0,0,15692
128,1979,subset,0.0,0,7846
128,1979,append_duplicates,0.0,0,15692
128,1979,unblocked_reference,0.0,0,15692
128,1987,permutation,0.0,0,15692
128,1987,subset,0.0,0,7846
128,1987,append_duplicates,0.0,0,15692
128,1987,unblocked_reference,0.0,0,15692
128,2015,permutation,0.0,0,15692
128,2015,subset,0.0,0,7846
128,2015,append_duplicates,0.0,0,15692
128,2015,unblocked_reference,0.0,0,15692
128,2026,permutation,0.0,0,15692
128,2026,subset,0.0,0,7846
128,2026,append_duplicates,0.0,0,15692
128,2026,unblocked_reference,0.0,0,15692
128,2054,permutation,0.0,0,15692
128,2054,subset,0.0,0,7846
128,2054,append_duplicates,0.0,0,15692
128,2054,unblocked_reference,0.0,0,15692
128,2098,permutation,0.0,0,15692
128,2098,subset,0.0,0,7846
128,2098,append_duplicates,0.0,0,15692
128,2098,unblocked_reference,0.0,0,15692
128,2260,permutation,0.0,0,15692
128,2260,subset,0.0,0,7846
128,2260,append_duplicates,0.0,0,15692
128,2260,unblocked_reference,0.0,0,15692
128,2321,permutation,0.0,0,15692
128,2321,subset,0.0,0,7846
128,2321,append_duplicates,0.0,0,15692
128,2321,unblocked_reference,0.0,0,15692
128,2373,permutation,0.0,0,15692
128,2373,subset,0.0,0,7846
128,2373,append_duplicates,0.0,0,15692
128,2373,unblocked_reference,0.0,0,15692
1024,1,permutation,0.0,0,15692
1024,1,subset,0.0,0,7846
1024,1,append_duplicates,0.0,0,15692
1024,1,unblocked_reference,0.0,0,15692
1024,15,permutation,0.0,0,15692
1024,15,subset,0.0,0,7846
1024,15,append_duplicates,0.0,0,15692
1024,15,unblocked_reference,0.0,0,15692
1024,42,permutation,0.0,0,15692
1024,42,subset,0.0,0,7846
1024,42,append_duplicates,0.0,0,15692
1024,42,unblocked_reference,0.0,0,15692
1024,63,permutation,0.0,0,15692
1024,63,subset,0.0,0,7846
1024,63,append_duplicates,0.0,0,15692
1024,63,unblocked_reference,0.0,0,15692
1024,101,permutation,0.0,0,15692
1024,101,subset,0.0,0,7846
1024,101,append_duplicates,0.0,0,15692
1024,101,unblocked_reference,0.0,0,15692
1024,109,permutation,0.0,0,15692
1024,109,subset,0.0,0,7846
1024,109,append_duplicates,0.0,0,15692
1024,109,unblocked_reference,0.0,0,15692
1024,122,permutation,0.0,0,15692
1024,122,subset,0.0,0,7846
1024,122,append_duplicates,0.0,0,15692
1024,122,unblocked_reference,0.0,0,15692
1024,141,permutation,0.0,0,15692
1024,141,subset,0.0,0,7846
1024,141,append_duplicates,0.0,0,15692
1024,141,unblocked_reference,0.0,0,15692
1024,191,permutation,0.0,0,15692
1024,191,subset,0.0,0,7846
1024,191,append_duplicates,0.0,0,15692
1024,191,unblocked_reference,0.0,0,15692
1024,210,permutation,0.0,0,15692
1024,210,subset,0.0,0,7846
1024,210,append_duplicates,0.0,0,15692
1024,210,unblocked_reference,0.0,0,15692
1024,233,permutation,0.0,0,15692
1024,233,subset,0.0,0,7846
1024,233,append_duplicates,0.0,0,15692
1024,233,unblocked_reference,0.0,0,15692
1024,336,permutation,0.0,0,15692
1024,336,subset,0.0,0,7846
1024,336,append_duplicates,0.0,0,15692
1024,336,unblocked_reference,0.0,0,15692
1024,338,permutation,0.0,0,15692
1024,338,subset,0.0,0,7846
1024,338,append_duplicates,0.0,0,15692
1024,338,unblocked_reference,0.0,0,15692
1024,340,permutation,0.0,0,15692
1024,340,subset,0.0,0,7846
1024,340,append_duplicates,0.0,0,15692
1024,340,unblocked_reference,0.0,0,15692
1024,365,permutation,0.0,0,15692
1024,365,subset,0.0,0,7846
1024,365,append_duplicates,0.0,0,15692
1024,365,unblocked_reference,0.0,0,15692
1024,371,permutation,0.0,0,15692
1024,371,subset,0.0,0,7846
1024,371,append_duplicates,0.0,0,15692
1024,371,unblocked_reference,0.0,0,15692
1024,433,permutation,0.0,0,15692
1024,433,subset,0.0,0,7846
1024,433,append_duplicates,0.0,0,15692
1024,433,unblocked_reference,0.0,0,15692
1024,506,permutation,0.0,0,15692
1024,506,subset,0.0,0,7846
1024,506,append_duplicates,0.0,0,15692
1024,506,unblocked_reference,0.0,0,15692
1024,536,permutation,0.0,0,15692
1024,536,subset,0.0,0,7846
1024,536,append_duplicates,0.0,0,15692
1024,536,unblocked_reference,0.0,0,15692
1024,559,permutation,0.0,0,15692
1024,559,subset,0.0,0,7846
1024,559,append_duplicates,0.0,0,15692
1024,559,unblocked_reference,0.0,0,15692
1024,658,permutation,0.0,0,15692
1024,658,subset,0.0,0,7846
1024,658,append_duplicates,0.0,0,15692
1024,658,unblocked_reference,0.0,0,15692
1024,674,permutation,0.0,0,15692
1024,674,subset,0.0,0,7846
1024,674,append_duplicates,0.0,0,15692
1024,674,unblocked_reference,0.0,0,15692
1024,675,permutation,0.0,0,15692
1024,675,subset,0.0,0,7846
1024,675,append_duplicates,0.0,0,15692
1024,675,unblocked_reference,0.0,0,15692
1024,735,permutation,0.0,0,15692
1024,735,subset,0.0,0,7846
1024,735,append_duplicates,0.0,0,15692
1024,735,unblocked_reference,0.0,0,15692
1024,785,permutation,0.0,0,15692
1024,785,subset,0.0,0,7846
1024,785,append_duplicates,0.0,0,15692
1024,785,unblocked_reference,0.0,0,15692
1024,792,permutation,0.0,0,15692
1024,792,subset,0.0,0,7846
1024,792,append_duplicates,0.0,0,15692
1024,792,unblocked_reference,0.0,0,15692
1024,813,permutation,0.0,0,15692
1024,813,subset,0.0,0,7846
1024,813,append_duplicates,0.0,0,15692
1024,813,unblocked_reference,0.0,0,15692
1024,860,permutation,0.0,0,15692
1024,860,subset,0.0,0,7846
1024,860,append_duplicates,0.0,0,15692
1024,860,unblocked_reference,0.0,0,15692
1024,887,permutation,0.0,0,15692
1024,887,subset,0.0,0,7846
1024,887,append_duplicates,0.0,0,15692
1024,887,unblocked_reference,0.0,0,15692
1024,897,permutation,0.0,0,15692
1024,897,subset,0.0,0,7846
1024,897,append_duplicates,0.0,0,15692
1024,897,unblocked_reference,0.0,0,15692
1024,933,permutation,0.0,0,15692
1024,933,subset,0.0,0,7846
1024,933,append_duplicates,0.0,0,15692
1024,933,unblocked_reference,0.0,0,15692
1024,990,permutation,0.0,0,15692
1024,990,subset,0.0,0,7846
1024,990,append_duplicates,0.0,0,15692
1024,990,unblocked_reference,0.0,0,15692
1024,1040,permutation,0.0,0,15692
1024,1040,subset,0.0,0,7846
1024,1040,append_duplicates,0.0,0,15692
1024,1040,unblocked_reference,0.0,0,15692
1024,1074,permutation,0.0,0,15692
1024,1074,subset,0.0,0,7846
1024,1074,append_duplicates,0.0,0,15692
1024,1074,unblocked_reference,0.0,0,15692
1024,1094,permutation,0.0,0,15692
1024,1094,subset,0.0,0,7846
1024,1094,append_duplicates,0.0,0,15692
1024,1094,unblocked_reference,0.0,0,15692
1024,1104,permutation,0.0,0,15692
1024,1104,subset,0.0,0,7846
1024,1104,append_duplicates,0.0,0,15692
1024,1104,unblocked_reference,0.0,0,15692
1024,1157,permutation,0.0,0,15692
1024,1157,subset,0.0,0,7846
1024,1157,append_duplicates,0.0,0,15692
1024,1157,unblocked_reference,0.0,0,15692
1024,1211,permutation,0.0,0,15692
1024,1211,subset,0.0,0,7846
1024,1211,append_duplicates,0.0,0,15692
1024,1211,unblocked_reference,0.0,0,15692
1024,1302,permutation,0.0,0,15692
1024,1302,subset,0.0,0,7846
1024,1302,append_duplicates,0.0,0,15692
1024,1302,unblocked_reference,0.0,0,15692
1024,1312,permutation,0.0,0,15692
1024,1312,subset,0.0,0,7846
1024,1312,append_duplicates,0.0,0,15692
1024,1312,unblocked_reference,0.0,0,15692
1024,1410,permutation,0.0,0,15692
1024,1410,subset,0.0,0,7846
1024,1410,append_duplicates,0.0,0,15692
1024,1410,unblocked_reference,0.0,0,15692
1024,1457,permutation,0.0,0,15692
1024,1457,subset,0.0,0,7846
1024,1457,append_duplicates,0.0,0,15692
1024,1457,unblocked_reference,0.0,0,15692
1024,1458,permutation,0.0,0,15692
1024,1458,subset,0.0,0,7846
1024,1458,append_duplicates,0.0,0,15692
1024,1458,unblocked_reference,0.0,0,15692
1024,1489,permutation,0.0,0,15692
1024,1489,subset,0.0,0,7846
1024,1489,append_duplicates,0.0,0,15692
1024,1489,unblocked_reference,0.0,0,15692
1024,1566,permutation,0.0,0,15692
1024,1566,subset,0.0,0,7846
1024,1566,append_duplicates,0.0,0,15692
1024,1566,unblocked_reference,0.0,0,15692
1024,1579,permutation,0.0,0,15692
1024,1579,subset,0.0,0,7846
1024,1579,append_duplicates,0.0,0,15692
1024,1579,unblocked_reference,0.0,0,15692
1024,1661,permutation,0.0,0,15692
1024,1661,subset,0.0,0,7846
1024,1661,append_duplicates,0.0,0,15692
1024,1661,unblocked_reference,0.0,0,15692
1024,1719,permutation,0.0,0,15692
1024,1719,subset,0.0,0,7846
1024,1719,append_duplicates,0.0,0,15692
1024,1719,unblocked_reference,0.0,0,15692
1024,1769,permutation,0.0,0,15692
1024,1769,subset,0.0,0,7846
1024,1769,append_duplicates,0.0,0,15692
1024,1769,unblocked_reference,0.0,0,15692
1024,1818,permutation,0.0,0,15692
1024,1818,subset,0.0,0,7846
1024,1818,append_duplicates,0.0,0,15692
1024,1818,unblocked_reference,0.0,0,15692
1024,1827,permutation,0.0,0,15692
1024,1827,subset,0.0,0,7846
1024,1827,append_duplicates,0.0,0,15692
1024,1827,unblocked_reference,0.0,0,15692
1024,1852,permutation,0.0,0,15692
1024,1852,subset,0.0,0,7846
1024,1852,append_duplicates,0.0,0,15692
1024,1852,unblocked_reference,0.0,0,15692
1024,1886,permutation,0.0,0,15692
1024,1886,subset,0.0,0,7846
1024,1886,append_duplicates,0.0,0,15692
1024,1886,unblocked_reference,0.0,0,15692
1024,1940,permutation,0.0,0,15692
1024,1940,subset,0.0,0,7846
1024,1940,append_duplicates,0.0,0,15692
1024,1940,unblocked_reference,0.0,0,15692
1024,1969,permutation,0.0,0,15692
1024,1969,subset,0.0,0,7846
1024,1969,append_duplicates,0.0,0,15692
1024,1969,unblocked_reference,0.0,0,15692
1024,1979,permutation,0.0,0,15692
1024,1979,subset,0.0,0,7846
1024,1979,append_duplicates,0.0,0,15692
1024,1979,unblocked_reference,0.0,0,15692
1024,1987,permutation,0.0,0,15692
1024,1987,subset,0.0,0,7846
1024,1987,append_duplicates,0.0,0,15692
1024,1987,unblocked_reference,0.0,0,15692
1024,2015,permutation,0.0,0,15692
1024,2015,subset,0.0,0,7846
1024,2015,append_duplicates,0.0,0,15692
1024,2015,unblocked_reference,0.0,0,15692
1024,2026,permutation,0.0,0,15692
1024,2026,subset,0.0,0,7846
1024,2026,append_duplicates,0.0,0,15692
1024,2026,unblocked_reference,0.0,0,15692
1024,2054,permutation,0.0,0,15692
1024,2054,subset,0.0,0,7846
1024,2054,append_duplicates,0.0,0,15692
1024,2054,unblocked_reference,0.0,0,15692
1024,2098,permutation,0.0,0,15692
1024,2098,subset,0.0,0,7846
1024,2098,append_duplicates,0.0,0,15692
1024,2098,unblocked_reference,0.0,0,15692
1024,2260,permutation,0.0,0,15692
1024,2260,subset,0.0,0,7846
1024,2260,append_duplicates,0.0,0,15692
1024,2260,unblocked_reference,0.0,0,15692
1024,2321,permutation,0.0,0,15692
1024,2321,subset,0.0,0,7846
1024,2321,append_duplicates,0.0,0,15692
1024,2321,unblocked_reference,0.0,0,15692
1024,2373,permutation,0.0,0,15692
1024,2373,subset,0.0,0,7846
1024,2373,append_duplicates,0.0,0,15692
1024,2373,unblocked_reference,0.0,0,15692
15692,1,permutation,0.0,0,15692
15692,1,subset,0.0,0,7846
15692,1,append_duplicates,0.0,0,15692
15692,1,unblocked_reference,0.0,0,15692
15692,15,permutation,0.0,0,15692
15692,15,subset,0.0,0,7846
15692,15,append_duplicates,0.0,0,15692
15692,15,unblocked_reference,0.0,0,15692
15692,42,permutation,0.0,0,15692
15692,42,subset,0.0,0,7846
15692,42,append_duplicates,0.0,0,15692
15692,42,unblocked_reference,0.0,0,15692
15692,63,permutation,0.0,0,15692
15692,63,subset,0.0,0,7846
15692,63,append_duplicates,0.0,0,15692
15692,63,unblocked_reference,0.0,0,15692
15692,101,permutation,0.0,0,15692
15692,101,subset,0.0,0,7846
15692,101,append_duplicates,0.0,0,15692
15692,101,unblocked_reference,0.0,0,15692
15692,109,permutation,0.0,0,15692
15692,109,subset,0.0,0,7846
15692,109,append_duplicates,0.0,0,15692
15692,109,unblocked_reference,0.0,0,15692
15692,122,permutation,0.0,0,15692
15692,122,subset,0.0,0,7846
15692,122,append_duplicates,0.0,0,15692
15692,122,unblocked_reference,0.0,0,15692
15692,141,permutation,0.0,0,15692
15692,141,subset,0.0,0,7846
15692,141,append_duplicates,0.0,0,15692
15692,141,unblocked_reference,0.0,0,15692
15692,191,permutation,0.0,0,15692
15692,191,subset,0.0,0,7846
15692,191,append_duplicates,0.0,0,15692
15692,191,unblocked_reference,0.0,0,15692
15692,210,permutation,0.0,0,15692
15692,210,subset,0.0,0,7846
15692,210,append_duplicates,0.0,0,15692
15692,210,unblocked_reference,0.0,0,15692
15692,233,permutation,0.0,0,15692
15692,233,subset,0.0,0,7846
15692,233,append_duplicates,0.0,0,15692
15692,233,unblocked_reference,0.0,0,15692
15692,336,permutation,0.0,0,15692
15692,336,subset,0.0,0,7846
15692,336,append_duplicates,0.0,0,15692
15692,336,unblocked_reference,0.0,0,15692
15692,338,permutation,0.0,0,15692
15692,338,subset,0.0,0,7846
15692,338,append_duplicates,0.0,0,15692
15692,338,unblocked_reference,0.0,0,15692
15692,340,permutation,0.0,0,15692
15692,340,subset,0.0,0,7846
15692,340,append_duplicates,0.0,0,15692
15692,340,unblocked_reference,0.0,0,15692
15692,365,permutation,0.0,0,15692
15692,365,subset,0.0,0,7846
15692,365,append_duplicates,0.0,0,15692
15692,365,unblocked_reference,0.0,0,15692
15692,371,permutation,0.0,0,15692
15692,371,subset,0.0,0,7846
15692,371,append_duplicates,0.0,0,15692
15692,371,unblocked_reference,0.0,0,15692
15692,433,permutation,0.0,0,15692
15692,433,subset,0.0,0,7846
15692,433,append_duplicates,0.0,0,15692
15692,433,unblocked_reference,0.0,0,15692
15692,506,permutation,0.0,0,15692
15692,506,subset,0.0,0,7846
15692,506,append_duplicates,0.0,0,15692
15692,506,unblocked_reference,0.0,0,15692
15692,536,permutation,0.0,0,15692
15692,536,subset,0.0,0,7846
15692,536,append_duplicates,0.0,0,15692
15692,536,unblocked_reference,0.0,0,15692
15692,559,permutation,0.0,0,15692
15692,559,subset,0.0,0,7846
15692,559,append_duplicates,0.0,0,15692
15692,559,unblocked_reference,0.0,0,15692
15692,658,permutation,0.0,0,15692
15692,658,subset,0.0,0,7846
15692,658,append_duplicates,0.0,0,15692
15692,658,unblocked_reference,0.0,0,15692
15692,674,permutation,0.0,0,15692
15692,674,subset,0.0,0,7846
15692,674,append_duplicates,0.0,0,15692
15692,674,unblocked_reference,0.0,0,15692
15692,675,permutation,0.0,0,15692
15692,675,subset,0.0,0,7846
15692,675,append_duplicates,0.0,0,15692
15692,675,unblocked_reference,0.0,0,15692
15692,735,permutation,0.0,0,15692
15692,735,subset,0.0,0,7846
15692,735,append_duplicates,0.0,0,15692
15692,735,unblocked_reference,0.0,0,15692
15692,785,permutation,0.0,0,15692
15692,785,subset,0.0,0,7846
15692,785,append_duplicates,0.0,0,15692
15692,785,unblocked_reference,0.0,0,15692
15692,792,permutation,0.0,0,15692
15692,792,subset,0.0,0,7846
15692,792,append_duplicates,0.0,0,15692
15692,792,unblocked_reference,0.0,0,15692
15692,813,permutation,0.0,0,15692
15692,813,subset,0.0,0,7846
15692,813,append_duplicates,0.0,0,15692
15692,813,unblocked_reference,0.0,0,15692
15692,860,permutation,0.0,0,15692
15692,860,subset,0.0,0,7846
15692,860,append_duplicates,0.0,0,15692
15692,860,unblocked_reference,0.0,0,15692
15692,887,permutation,0.0,0,15692
15692,887,subset,0.0,0,7846
15692,887,append_duplicates,0.0,0,15692
15692,887,unblocked_reference,0.0,0,15692
15692,897,permutation,0.0,0,15692
15692,897,subset,0.0,0,7846
15692,897,append_duplicates,0.0,0,15692
15692,897,unblocked_reference,0.0,0,15692
15692,933,permutation,0.0,0,15692
15692,933,subset,0.0,0,7846
15692,933,append_duplicates,0.0,0,15692
15692,933,unblocked_reference,0.0,0,15692
15692,990,permutation,0.0,0,15692
15692,990,subset,0.0,0,7846
15692,990,append_duplicates,0.0,0,15692
15692,990,unblocked_reference,0.0,0,15692
15692,1040,permutation,0.0,0,15692
15692,1040,subset,0.0,0,7846
15692,1040,append_duplicates,0.0,0,15692
15692,1040,unblocked_reference,0.0,0,15692
15692,1074,permutation,0.0,0,15692
15692,1074,subset,0.0,0,7846
15692,1074,append_duplicates,0.0,0,15692
15692,1074,unblocked_reference,0.0,0,15692
15692,1094,permutation,0.0,0,15692
15692,1094,subset,0.0,0,7846
15692,1094,append_duplicates,0.0,0,15692
15692,1094,unblocked_reference,0.0,0,15692
15692,1104,permutation,0.0,0,15692
15692,1104,subset,0.0,0,7846
15692,1104,append_duplicates,0.0,0,15692
15692,1104,unblocked_reference,0.0,0,15692
15692,1157,permutation,0.0,0,15692
15692,1157,subset,0.0,0,7846
15692,1157,append_duplicates,0.0,0,15692
15692,1157,unblocked_reference,0.0,0,15692
15692,1211,permutation,0.0,0,15692
15692,1211,subset,0.0,0,7846
15692,1211,append_duplicates,0.0,0,15692
15692,1211,unblocked_reference,0.0,0,15692
15692,1302,permutation,0.0,0,15692
15692,1302,subset,0.0,0,7846
15692,1302,append_duplicates,0.0,0,15692
15692,1302,unblocked_reference,0.0,0,15692
15692,1312,permutation,0.0,0,15692
15692,1312,subset,0.0,0,7846
15692,1312,append_duplicates,0.0,0,15692
15692,1312,unblocked_reference,0.0,0,15692
15692,1410,permutation,0.0,0,15692
15692,1410,subset,0.0,0,7846
15692,1410,append_duplicates,0.0,0,15692
15692,1410,unblocked_reference,0.0,0,15692
15692,1457,permutation,0.0,0,15692
15692,1457,subset,0.0,0,7846
15692,1457,append_duplicates,0.0,0,15692
15692,1457,unblocked_reference,0.0,0,15692
15692,1458,permutation,0.0,0,15692
15692,1458,subset,0.0,0,7846
15692,1458,append_duplicates,0.0,0,15692
15692,1458,unblocked_reference,0.0,0,15692
15692,1489,permutation,0.0,0,15692
15692,1489,subset,0.0,0,7846
15692,1489,append_duplicates,0.0,0,15692
15692,1489,unblocked_reference,0.0,0,15692
15692,1566,permutation,0.0,0,15692
15692,1566,subset,0.0,0,7846
15692,1566,append_duplicates,0.0,0,15692
15692,1566,unblocked_reference,0.0,0,15692
15692,1579,permutation,0.0,0,15692
15692,1579,subset,0.0,0,7846
15692,1579,append_duplicates,0.0,0,15692
15692,1579,unblocked_reference,0.0,0,15692
15692,1661,permutation,0.0,0,15692
15692,1661,subset,0.0,0,7846
15692,1661,append_duplicates,0.0,0,15692
15692,1661,unblocked_reference,0.0,0,15692
15692,1719,permutation,0.0,0,15692
15692,1719,subset,0.0,0,7846
15692,1719,append_duplicates,0.0,0,15692
15692,1719,unblocked_reference,0.0,0,15692
15692,1769,permutation,0.0,0,15692
15692,1769,subset,0.0,0,7846
15692,1769,append_duplicates,0.0,0,15692
15692,1769,unblocked_reference,0.0,0,15692
15692,1818,permutation,0.0,0,15692
15692,1818,subset,0.0,0,7846
15692,1818,append_duplicates,0.0,0,15692
15692,1818,unblocked_reference,0.0,0,15692
15692,1827,permutation,0.0,0,15692
15692,1827,subset,0.0,0,7846
15692,1827,append_duplicates,0.0,0,15692
15692,1827,unblocked_reference,0.0,0,15692
15692,1852,permutation,0.0,0,15692
15692,1852,subset,0.0,0,7846
15692,1852,append_duplicates,0.0,0,15692
15692,1852,unblocked_reference,0.0,0,15692
15692,1886,permutation,0.0,0,15692
15692,1886,subset,0.0,0,7846
15692,1886,append_duplicates,0.0,0,15692
15692,1886,unblocked_reference,0.0,0,15692
15692,1940,permutation,0.0,0,15692
15692,1940,subset,0.0,0,7846
15692,1940,append_duplicates,0.0,0,15692
15692,1940,unblocked_reference,0.0,0,15692
15692,1969,permutation,0.0,0,15692
15692,1969,subset,0.0,0,7846
15692,1969,append_duplicates,0.0,0,15692
15692,1969,unblocked_reference,0.0,0,15692
15692,1979,permutation,0.0,0,15692
15692,1979,subset,0.0,0,7846
15692,1979,append_duplicates,0.0,0,15692
15692,1979,unblocked_reference,0.0,0,15692
15692,1987,permutation,0.0,0,15692
15692,1987,subset,0.0,0,7846
15692,1987,append_duplicates,0.0,0,15692
15692,1987,unblocked_reference,0.0,0,15692
15692,2015,permutation,0.0,0,15692
15692,2015,subset,0.0,0,7846
15692,2015,append_duplicates,0.0,0,15692
15692,2015,unblocked_reference,0.0,0,15692
15692,2026,permutation,0.0,0,15692
15692,2026,subset,0.0,0,7846
15692,2026,append_duplicates,0.0,0,15692
15692,2026,unblocked_reference,0.0,0,15692
15692,2054,permutation,0.0,0,15692
15692,2054,subset,0.0,0,7846
15692,2054,append_duplicates,0.0,0,15692
15692,2054,unblocked_reference,0.0,0,15692
15692,2098,permutation,0.0,0,15692
15692,2098,subset,0.0,0,7846
15692,2098,append_duplicates,0.0,0,15692
15692,2098,unblocked_reference,0.0,0,15692
15692,2260,permutation,0.0,0,15692
15692,2260,subset,0.0,0,7846
15692,2260,append_duplicates,0.0,0,15692
15692,2260,unblocked_reference,0.0,0,15692
15692,2321,permutation,0.0,0,15692
15692,2321,subset,0.0,0,7846
15692,2321,append_duplicates,0.0,0,15692
15692,2321,unblocked_reference,0.0,0,15692
15692,2373,permutation,0.0,0,15692
15692,2373,subset,0.0,0,7846
15692,2373,append_duplicates,0.0,0,15692
15692,2373,unblocked_reference,0.0,0,15692
