repeat,pmid,sentence_count,options_scored,predict_seconds,predict_plus_json_seconds,json_bytes,encoding_seconds,scoring_seconds,request_seconds
0,10022914,12,15692,0.3445233330021438,0.37109862500074087,14681369,0.33426595799755887,0.0015087920000951272,0.34448812499977066
0,10047984,14,15692,0.3925280000003113,0.4209143750013027,14687028,0.3824486670018814,0.0008540419985365588,0.39180570900134626
0,10049780,6,15692,0.13260683300177334,0.16117058300005738,14685870,0.12307708299704245,0.0007885000013629906,0.13188987499961513
0,10067896,7,15692,0.21030600000085542,0.2376282090008317,14684377,0.20052204199964763,0.0008648750008433126,0.2096291249981732
0,10069812,9,15692,0.2682834590013954,0.2956619590004266,14686897,0.25821524999992107,0.0008183329991879873,0.2674321250015055
1,10022914,12,15692,0.34485837499960326,0.3737459170006332,14681368,0.3347665000001143,0.0008095830016827676,0.34400675000142655
1,10047984,14,15692,0.39591645800101105,0.42378179200022714,14687028,0.38561612500052433,0.0008617499988758937,0.3949834170016402
1,10049780,6,15692,0.13321424999958253,0.16095137499723933,14685870,0.12369224999929429,0.0007835420001356397,0.13247583400152507
1,10067896,7,15692,0.2079957089990785,0.23478779200013378,14684374,0.1976537090013153,0.000800458001322113,0.207067334002204
1,10069812,9,15692,0.2689037090021884,0.2960790420002013,14686896,0.2596567079999659,0.0007880829980422277,0.2682373329989787
2,10022914,12,15692,0.3381277080006839,0.3656139170016104,14681367,0.328816375000315,0.0007900419986981433,0.33749591699961456
2,10047984,14,15692,0.38291333300003316,0.4108823329988809,14687027,0.3726449580026383,0.0008540419985365588,0.3820579999992333
2,10049780,6,15692,0.1469193750017439,0.17563691600298625,14685870,0.13639516699913656,0.0008630410011392087,0.14610787499987055
2,10067896,7,15692,0.23389366599803907,0.2603374159989471,14684378,0.22379437500057975,0.0008294590006698854,0.23309145900202566
2,10069812,9,15692,0.27233349999733036,0.2989837079985591,14686897,0.26226225000209524,0.0009075409980141558,0.2716335410004831
